Size;Time
100x100;0.0190084000000000
200x200;0.1443349000000000
300x300;0.5619938000000000
400x400;1.6209267000000001
500x500;2.8184144999999998
600x600;6.4574315000000002
700x700;11.3317148999999997
800x800;17.7397251000000011
900x900;25.8895431000000009
1000x1000;38.9617138999999995
